{
  "manaria": {
    "x": 0.9675189313534045,
    "y": 100.0,
    "z": -0.09194933661174284,
    "yaw": 139.79994,
    "pitch": 5.850023
  },
  "Aberration": {
    "x": -1786.6674972441813,
    "y": 176.0,
    "z": -1740.0832277486713,
    "yaw": 21.599997,
    "pitch": 16.949993
  }
}